record_id,well_id,sensor_id,production_date,reading_value,product_type,volume_bbl,revenue_usd
1,13,8,2025-07-26,1706,Gas,597,42909
2,2,13,2025-07-04,2932,Gas,158,9387
3,11,52,2025-08-26,1840,Gas,594,39047
4,6,49,2025-08-20,1104,Condensate,471,23745
5,15,7,2025-07-19,1687,Oil,340,28944
6,11,36,2025-08-26,1840,Gas,594,39047
7,8,12,2025-08-27,2752,Gas,302,23382
8,18,24,2025-07-10,1001,Gas,134,12108
9,17,23,2025-07-23,2328,Condensate,513,40551
10,17,4,2025-08-18,2738,Condensate,118,8675
11,9,58,2025-08-14,2700,Condensate,480,24327
12,15,42,2025-08-05,2172,Oil,172,15655
13,19,25,2025-07-17,2388,Gas,502,44400
14,15,57,2025-08-05,2172,Oil,172,15655
15,18,30,2025-08-24,2987,Condensate,149,11695
16,20,34,2025-08-26,1136,Condensate,101,8485
17,9,26,2025-08-14,2700,Condensate,480,24327
18,18,58,2025-07-10,1001,Gas,134,12108
19,11,7,2025-06-30,2510,Oil,327,26875
20,15,14,2025-07-19,1687,Oil,340,28944
21,16,53,2025-07-26,1477,Oil,399,30462
22,6,23,2025-07-02,2507,Gas,383,25683
23,5,58,2025-08-27,2125,Condensate,293,15751
24,18,16,2025-08-18,1635,Gas,165,8533
25,1,14,2025-08-23,2168,Gas,166,15069
26,18,3,2025-08-24,2987,Condensate,149,11695
27,20,32,2025-07-10,1247,Gas,219,16902
28,20,14,2025-08-26,1136,Condensate,101,8485
29,9,41,2025-08-15,2387,Gas,112,7715
30,9,53,2025-08-14,2700,Condensate,480,24327
31,13,8,2025-08-27,2811,Condensate,545,50233
32,4,4,2025-07-20,1387,Oil,296,20091
33,18,53,2025-07-10,1001,Gas,134,12108
34,7,12,2025-07-25,2106,Oil,219,16431
35,14,39,2025-06-30,1793,Gas,279,15035
36,14,35,2025-07-03,2672,Gas,265,19464
37,9,33,2025-08-14,2700,Condensate,480,24327
38,14,36,2025-07-03,2672,Gas,265,19464
39,14,44,2025-07-03,2672,Gas,265,19464
40,13,28,2025-07-19,1939,Gas,161,14401
41,6,9,2025-07-02,2507,Gas,383,25683
42,4,56,2025-07-20,1387,Oil,296,20091
43,8,10,2025-08-27,2752,Gas,302,23382
44,14,48,2025-07-03,2672,Gas,265,19464
45,4,58,2025-07-20,1387,Oil,296,20091
46,9,31,2025-08-15,2387,Gas,112,7715
47,13,47,2025-07-19,1939,Gas,161,14401
48,5,41,2025-08-27,2125,Condensate,293,15751
49,14,32,2025-06-30,1793,Gas,279,15035
50,7,59,2025-08-23,2407,Oil,250,17986
51,20,36,2025-08-26,1136,Condensate,101,8485
52,16,24,2025-08-15,2674,Oil,227,22726
53,15,27,2025-08-05,2172,Oil,172,15655
54,12,30,2025-07-26,1489,Gas,111,9794
55,11,55,2025-07-25,1668,Condensate,122,7232
56,17,41,2025-07-31,1184,Condensate,220,13351
57,10,30,2025-07-08,1886,Gas,196,14181
58,8,37,2025-08-12,1359,Condensate,221,14251
59,5,7,2025-08-09,2651,Oil,407,36045
60,13,44,2025-07-19,1939,Gas,161,14401
61,7,6,2025-07-22,2604,Condensate,241,20606
62,19,27,2025-07-17,2388,Gas,502,44400
63,19,23,2025-06-30,1394,Oil,470,25207
64,14,17,2025-07-03,2672,Gas,265,19464
65,7,23,2025-07-25,2106,Oil,219,16431
66,9,46,2025-07-11,1732,Condensate,158,13995
67,17,16,2025-07-23,2328,Condensate,513,40551
68,11,54,2025-07-25,1668,Condensate,122,7232
69,9,6,2025-08-14,2700,Condensate,480,24327
70,4,41,2025-07-20,1387,Oil,296,20091
71,13,10,2025-07-26,1706,Gas,597,42909
72,5,50,2025-08-25,2947,Condensate,120,6255
73,14,16,2025-06-30,1793,Gas,279,15035
74,2,5,2025-07-04,2932,Gas,158,9387
75,9,22,2025-07-11,1732,Condensate,158,13995
76,19,49,2025-07-17,2388,Gas,502,44400
77,10,18,2025-07-08,1886,Gas,196,14181
78,1,6,2025-07-08,1083,Condensate,389,24912
79,10,5,2025-07-08,1886,Gas,196,14181
80,5,6,2025-08-25,2947,Condensate,120,6255
81,5,9,2025-08-25,2947,Condensate,120,6255
82,4,54,2025-07-04,2860,Condensate,475,34369
83,19,36,2025-08-12,2172,Gas,158,10751
84,12,19,2025-07-25,1148,Condensate,226,11874
85,10,59,2025-07-08,1886,Gas,196,14181
86,16,45,2025-08-15,2674,Oil,227,22726
87,16,43,2025-08-15,2674,Oil,227,22726
88,16,35,2025-07-18,1780,Gas,375,22587
89,11,52,2025-06-30,2510,Oil,327,26875
90,11,36,2025-06-30,2510,Oil,327,26875
91,8,54,2025-08-27,2752,Gas,302,23382
92,8,55,2025-08-27,2752,Gas,302,23382
93,5,17,2025-08-09,2651,Oil,407,36045
94,20,20,2025-07-10,1247,Gas,219,16902
95,17,50,2025-07-31,1184,Condensate,220,13351
96,12,25,2025-07-25,1148,Condensate,226,11874
97,11,38,2025-08-26,1840,Gas,594,39047
98,10,46,2025-07-17,2001,Oil,202,16345
99,16,52,2025-07-18,1780,Gas,375,22587
100,7,19,2025-08-23,2407,Oil,250,17986
101,10,57,2025-07-08,1886,Gas,196,14181
102,4,50,2025-07-04,2860,Condensate,475,34369
103,1,20,2025-07-08,1083,Condensate,389,24912
104,4,57,2025-07-04,1134,Gas,290,25251
105,7,24,2025-07-22,2604,Condensate,241,20606
106,5,21,2025-08-09,2651,Oil,407,36045
107,3,49,2025-07-30,2021,Condensate,512,33254
108,8,24,2025-08-27,2405,Condensate,353,20040
109,19,45,2025-06-30,1394,Oil,470,25207
110,6,36,2025-07-07,2976,Gas,239,20741
111,13,45,2025-08-27,2811,Condensate,545,50233
112,4,58,2025-07-04,2860,Condensate,475,34369
113,17,9,2025-07-31,1184,Condensate,220,13351
114,17,50,2025-08-18,2738,Condensate,118,8675
115,3,33,2025-07-12,2275,Oil,218,20426
116,16,14,2025-07-18,1780,Gas,375,22587
117,4,19,2025-07-04,1134,Gas,290,25251
118,15,21,2025-07-19,1687,Oil,340,28944
119,11,6,2025-07-25,1668,Condensate,122,7232
120,15,3,2025-07-02,1750,Gas,588,50293
121,11,12,2025-07-25,1668,Condensate,122,7232
122,1,12,2025-07-08,1083,Condensate,389,24912
123,15,52,2025-07-19,1687,Oil,340,28944
124,6,59,2025-08-20,1104,Condensate,471,23745
125,17,20,2025-08-18,2738,Condensate,118,8675
126,1,17,2025-08-23,2168,Gas,166,15069
127,8,11,2025-08-27,2405,Condensate,353,20040
128,17,51,2025-08-18,2738,Condensate,118,8675
129,17,11,2025-07-31,1184,Condensate,220,13351
130,12,29,2025-07-25,1148,Condensate,226,11874
131,14,34,2025-07-03,2672,Gas,265,19464
132,8,6,2025-08-27,2405,Condensate,353,20040
133,8,47,2025-08-12,1359,Condensate,221,14251
134,11,35,2025-08-26,1840,Gas,594,39047
135,9,45,2025-08-15,2387,Gas,112,7715
136,8,40,2025-08-12,1359,Condensate,221,14251
137,12,24,2025-07-19,2652,Oil,465,40951
138,9,50,2025-08-15,2387,Gas,112,7715
139,9,8,2025-08-15,2387,Gas,112,7715
140,18,8,2025-07-10,1001,Gas,134,12108
141,17,26,2025-08-18,2738,Condensate,118,8675
142,14,47,2025-08-16,2202,Gas,150,10666
143,5,8,2025-08-25,2947,Condensate,120,6255
144,19,7,2025-08-12,2172,Gas,158,10751
145,18,54,2025-08-18,1635,Gas,165,8533
146,17,31,2025-08-18,2738,Condensate,118,8675
147,9,58,2025-08-15,2387,Gas,112,7715
148,5,43,2025-08-25,2947,Condensate,120,6255
149,9,49,2025-07-11,1732,Condensate,158,13995
150,8,39,2025-08-27,2405,Condensate,353,20040
151,5,15,2025-08-27,2125,Condensate,293,15751
152,17,10,2025-07-23,2328,Condensate,513,40551
153,14,54,2025-06-30,1793,Gas,279,15035
154,6,21,2025-07-07,2976,Gas,239,20741
155,3,40,2025-07-16,1687,Oil,422,35227
156,2,18,2025-07-04,2932,Gas,158,9387
157,14,10,2025-06-30,1793,Gas,279,15035
158,20,52,2025-08-26,1136,Condensate,101,8485
159,13,53,2025-08-27,2811,Condensate,545,50233
160,8,34,2025-08-12,1359,Condensate,221,14251
161,14,23,2025-06-30,1793,Gas,279,15035
162,9,51,2025-08-15,2387,Gas,112,7715
163,2,5,2025-07-12,1349,Condensate,175,12135
164,20,55,2025-07-10,1247,Gas,219,16902
165,18,50,2025-07-10,1001,Gas,134,12108
166,1,19,2025-07-24,1965,Gas,257,16019
167,16,55,2025-07-26,1477,Oil,399,30462
168,19,9,2025-06-30,1394,Oil,470,25207
169,18,55,2025-07-10,1001,Gas,134,12108
170,13,26,2025-07-26,1706,Gas,597,42909
171,11,15,2025-07-25,1668,Condensate,122,7232
172,6,48,2025-07-07,2976,Gas,239,20741
173,7,54,2025-07-25,2106,Oil,219,16431
174,8,33,2025-08-27,2405,Condensate,353,20040
175,16,43,2025-07-26,1477,Oil,399,30462
176,6,54,2025-07-02,2507,Gas,383,25683
177,4,16,2025-07-04,2860,Condensate,475,34369
178,6,22,2025-08-20,1104,Condensate,471,23745
179,20,21,2025-08-26,1136,Condensate,101,8485
180,9,45,2025-08-14,2700,Condensate,480,24327
181,20,33,2025-07-10,1247,Gas,219,16902
182,5,51,2025-08-25,2947,Condensate,120,6255
183,7,9,2025-07-22,2604,Condensate,241,20606
184,1,33,2025-07-08,1083,Condensate,389,24912
185,5,6,2025-08-27,2125,Condensate,293,15751
186,12,29,2025-07-26,1489,Gas,111,9794
187,8,38,2025-08-12,1359,Condensate,221,14251
188,14,48,2025-08-16,2202,Gas,150,10666
189,11,23,2025-07-25,1668,Condensate,122,7232
190,4,31,2025-07-04,2860,Condensate,475,34369
191,17,9,2025-08-18,2738,Condensate,118,8675
192,19,12,2025-06-30,1394,Oil,470,25207
193,16,24,2025-07-26,1477,Oil,399,30462
194,14,44,2025-08-16,2202,Gas,150,10666
195,13,16,2025-08-27,2811,Condensate,545,50233
196,8,11,2025-08-27,2752,Gas,302,23382
197,2,25,2025-07-04,2932,Gas,158,9387
198,17,20,2025-07-23,2328,Condensate,513,40551
199,9,43,2025-08-14,2700,Condensate,480,24327
200,15,40,2025-07-19,1687,Oil,340,28944
201,8,4,2025-08-27,2752,Gas,302,23382
202,19,14,2025-08-12,2172,Gas,158,10751
203,13,52,2025-07-19,1939,Gas,161,14401
204,18,39,2025-08-18,1635,Gas,165,8533
205,16,32,2025-08-15,2674,Oil,227,22726
206,3,30,2025-07-30,2021,Condensate,512,33254
207,19,53,2025-06-30,1394,Oil,470,25207
208,17,32,2025-08-18,2738,Condensate,118,8675
209,5,54,2025-08-27,2125,Condensate,293,15751
210,8,17,2025-08-12,1359,Condensate,221,14251
211,7,51,2025-07-25,2106,Oil,219,16431
212,7,55,2025-07-25,2106,Oil,219,16431
213,16,58,2025-07-26,1477,Oil,399,30462
214,2,18,2025-07-12,1349,Condensate,175,12135
215,6,11,2025-07-02,2507,Gas,383,25683
216,8,48,2025-08-12,1359,Condensate,221,14251
217,17,53,2025-08-18,2738,Condensate,118,8675
218,3,13,2025-07-30,2021,Condensate,512,33254
219,17,55,2025-07-23,2328,Condensate,513,40551
220,10,21,2025-06-30,1437,Condensate,152,13936
221,2,22,2025-07-12,1349,Condensate,175,12135
222,10,18,2025-07-17,2001,Oil,202,16345
223,15,35,2025-07-19,1687,Oil,340,28944
224,11,20,2025-07-25,1668,Condensate,122,7232
225,1,46,2025-07-24,1965,Gas,257,16019
226,17,31,2025-07-31,1184,Condensate,220,13351
227,2,34,2025-07-04,1756,Condensate,593,46505
228,20,2,2025-08-25,1981,Condensate,549,42839
229,17,6,2025-07-31,1184,Condensate,220,13351
230,5,50,2025-08-27,2125,Condensate,293,15751
231,6,58,2025-07-02,2507,Gas,383,25683
232,4,30,2025-07-04,1134,Gas,290,25251
233,17,12,2025-07-23,2328,Condensate,513,40551
234,9,9,2025-08-15,2387,Gas,112,7715
235,9,33,2025-08-15,2387,Gas,112,7715
236,12,54,2025-07-19,2652,Oil,465,40951
237,7,45,2025-07-22,2604,Condensate,241,20606
238,12,30,2025-07-25,1148,Condensate,226,11874
239,8,52,2025-08-12,1359,Condensate,221,14251
240,6,16,2025-07-02,2507,Gas,383,25683
241,17,43,2025-07-31,1184,Condensate,220,13351
242,4,51,2025-07-04,2860,Condensate,475,34369
243,8,10,2025-08-27,2405,Condensate,353,20040
244,20,17,2025-08-26,1136,Condensate,101,8485
245,4,54,2025-07-20,1387,Oil,296,20091
246,6,57,2025-08-20,1104,Condensate,471,23745
247,17,10,2025-07-31,1184,Condensate,220,13351
248,4,42,2025-07-04,1134,Gas,290,25251
249,16,10,2025-08-15,2674,Oil,227,22726
250,13,16,2025-07-26,1706,Gas,597,42909
251,9,55,2025-08-14,2700,Condensate,480,24327
252,19,20,2025-06-30,1394,Oil,470,25207
253,4,8,2025-07-20,1387,Oil,296,20091
254,4,6,2025-07-20,1387,Oil,296,20091
255,20,56,2025-07-10,1247,Gas,219,16902
256,13,40,2025-07-19,1939,Gas,161,14401
257,7,11,2025-07-22,2604,Condensate,241,20606
258,5,32,2025-08-25,2947,Condensate,120,6255
259,1,45,2025-07-08,1083,Condensate,389,24912
260,16,53,2025-08-15,2674,Oil,227,22726
261,8,58,2025-08-27,2405,Condensate,353,20040
262,20,40,2025-08-26,1136,Condensate,101,8485
263,19,42,2025-07-17,2388,Gas,502,44400
264,20,36,2025-08-25,1981,Condensate,549,42839
265,6,25,2025-08-20,1104,Condensate,471,23745
266,13,32,2025-07-26,1706,Gas,597,42909
267,20,47,2025-08-25,1981,Condensate,549,42839
268,14,37,2025-08-16,2202,Gas,150,10666
269,19,30,2025-07-17,2388,Gas,502,44400
270,12,1,2025-07-25,1148,Condensate,226,11874
271,8,39,2025-08-27,2752,Gas,302,23382
272,8,26,2025-08-27,2405,Condensate,353,20040
273,1,3,2025-07-24,1965,Gas,257,16019
274,2,59,2025-07-04,2932,Gas,158,9387
275,5,31,2025-08-25,2947,Condensate,120,6255
276,18,45,2025-08-18,1635,Gas,165,8533
277,11,35,2025-06-30,2510,Oil,327,26875
278,12,13,2025-07-25,1148,Condensate,226,11874
279,15,19,2025-08-05,2172,Oil,172,15655
280,1,49,2025-07-24,1965,Gas,257,16019
281,17,24,2025-08-18,2738,Condensate,118,8675
282,12,3,2025-07-26,1489,Gas,111,9794
283,7,4,2025-07-22,2604,Condensate,241,20606
284,16,15,2025-08-15,2674,Oil,227,22726
285,5,36,2025-08-09,2651,Oil,407,36045
286,5,10,2025-08-25,2947,Condensate,120,6255
287,13,6,2025-07-26,1706,Gas,597,42909
288,11,8,2025-07-25,1668,Condensate,122,7232
289,7,31,2025-07-25,2106,Oil,219,16431
290,18,54,2025-07-10,1001,Gas,134,12108
291,17,39,2025-07-23,2328,Condensate,513,40551
292,11,37,2025-06-30,2510,Oil,327,26875
293,17,24,2025-07-23,2328,Condensate,513,40551
294,8,53,2025-08-27,2405,Condensate,353,20040
295,16,31,2025-07-26,1477,Oil,399,30462
296,6,17,2025-07-07,2976,Gas,239,20741
297,20,37,2025-08-26,1136,Condensate,101,8485
298,16,39,2025-07-26,1477,Oil,399,30462
299,13,58,2025-07-26,1706,Gas,597,42909
300,3,22,2025-07-30,2021,Condensate,512,33254
301,2,7,2025-07-04,1756,Condensate,593,46505
302,18,23,2025-07-10,1001,Gas,134,12108
303,16,54,2025-08-15,2674,Oil,227,22726
304,9,24,2025-08-14,2700,Condensate,480,24327
305,18,4,2025-07-10,1001,Gas,134,12108
306,1,40,2025-08-23,2168,Gas,166,15069
307,15,30,2025-07-02,1750,Gas,588,50293
308,20,21,2025-08-25,1981,Condensate,549,42839
309,15,36,2025-07-19,1687,Oil,340,28944
310,4,45,2025-07-20,1387,Oil,296,20091
311,17,41,2025-08-18,2738,Condensate,118,8675
312,17,51,2025-07-31,1184,Condensate,220,13351
313,10,52,2025-06-30,1437,Condensate,152,13936
314,10,19,2025-07-17,2001,Oil,202,16345
315,8,51,2025-08-27,2752,Gas,302,23382
316,3,45,2025-07-12,2275,Oil,218,20426
317,19,38,2025-08-12,2172,Gas,158,10751
318,3,21,2025-07-16,1687,Oil,422,35227
319,14,34,2025-08-16,2202,Gas,150,10666
320,4,4,2025-07-04,2860,Condensate,475,34369
321,8,43,2025-08-27,2752,Gas,302,23382
322,20,8,2025-07-10,1247,Gas,219,16902
323,10,17,2025-06-30,1437,Condensate,152,13936
324,10,57,2025-07-17,2001,Oil,202,16345
325,13,55,2025-08-27,2811,Condensate,545,50233
326,3,44,2025-07-16,1687,Oil,422,35227
327,5,56,2025-08-27,2125,Condensate,293,15751
328,5,9,2025-08-27,2125,Condensate,293,15751
329,7,55,2025-07-22,2604,Condensate,241,20606
330,2,25,2025-07-12,1349,Condensate,175,12135
331,8,36,2025-08-12,1359,Condensate,221,14251
332,4,18,2025-07-04,1134,Gas,290,25251
333,3,38,2025-07-16,1687,Oil,422,35227
334,3,58,2025-07-12,2275,Oil,218,20426
335,2,59,2025-07-12,1349,Condensate,175,12135
336,4,5,2025-07-04,1134,Gas,290,25251
337,5,39,2025-08-25,2947,Condensate,120,6255
338,14,36,2025-08-16,2202,Gas,150,10666
339,3,23,2025-07-12,2275,Oil,218,20426
340,15,47,2025-07-19,1687,Oil,340,28944
341,8,23,2025-08-27,2405,Condensate,353,20040
342,2,38,2025-07-04,1756,Condensate,593,46505
343,14,4,2025-06-30,1793,Gas,279,15035
344,16,6,2025-07-26,1477,Oil,399,30462
345,14,24,2025-06-30,1793,Gas,279,15035
346,11,47,2025-08-26,1840,Gas,594,39047
347,1,38,2025-08-23,2168,Gas,166,15069
348,3,26,2025-07-12,2275,Oil,218,20426
349,1,53,2025-07-08,1083,Condensate,389,24912
350,6,13,2025-08-20,1104,Condensate,471,23745
351,17,9,2025-07-23,2328,Condensate,513,40551
352,20,37,2025-08-25,1981,Condensate,549,42839
353,1,41,2025-07-08,1083,Condensate,389,24912
354,5,11,2025-08-27,2125,Condensate,293,15751
355,13,39,2025-08-27,2811,Condensate,545,50233
356,6,44,2025-07-07,2976,Gas,239,20741
357,4,24,2025-07-20,1387,Oil,296,20091
358,5,14,2025-08-09,2651,Oil,407,36045
359,1,8,2025-07-08,1083,Condensate,389,24912
360,17,23,2025-07-31,1184,Condensate,220,13351
361,8,41,2025-08-27,2405,Condensate,353,20040
362,8,56,2025-08-27,2405,Condensate,353,20040
363,8,15,2025-08-27,2752,Gas,302,23382
364,19,35,2025-08-12,2172,Gas,158,10751
365,14,51,2025-06-30,1793,Gas,279,15035
366,5,37,2025-08-09,2651,Oil,407,36045
367,12,57,2025-07-26,1489,Gas,111,9794
368,9,56,2025-08-15,2387,Gas,112,7715
369,16,56,2025-08-15,2674,Oil,227,22726
370,3,6,2025-07-12,2275,Oil,218,20426
371,19,6,2025-06-30,1394,Oil,470,25207
372,7,43,2025-07-22,2604,Condensate,241,20606
373,8,14,2025-08-12,1359,Condensate,221,14251
374,6,45,2025-07-02,2507,Gas,383,25683
375,14,9,2025-06-30,1793,Gas,279,15035
376,14,40,2025-08-16,2202,Gas,150,10666
377,7,15,2025-07-25,2106,Oil,219,16431
378,18,12,2025-08-18,1635,Gas,165,8533
379,16,16,2025-07-26,1477,Oil,399,30462
380,19,4,2025-06-30,1394,Oil,470,25207
381,4,12,2025-07-04,2860,Condensate,475,34369
382,2,30,2025-07-04,2932,Gas,158,9387
383,6,37,2025-07-07,2976,Gas,239,20741
384,13,14,2025-07-19,1939,Gas,161,14401
385,5,34,2025-08-09,2651,Oil,407,36045
386,4,26,2025-07-04,2860,Condensate,475,34369
387,18,32,2025-08-18,1635,Gas,165,8533
388,19,52,2025-08-12,2172,Gas,158,10751
389,12,15,2025-07-19,2652,Oil,465,40951
390,3,41,2025-07-12,2275,Oil,218,20426
391,2,48,2025-07-04,1756,Condensate,593,46505
392,12,6,2025-07-19,2652,Oil,465,40951
393,17,43,2025-07-23,2328,Condensate,513,40551
394,1,23,2025-07-08,1083,Condensate,389,24912
395,16,58,2025-08-15,2674,Oil,227,22726
396,20,45,2025-07-10,1247,Gas,219,16902
397,7,29,2025-08-23,2407,Oil,250,17986
398,1,4,2025-07-08,1083,Condensate,389,24912
399,13,6,2025-08-27,2811,Condensate,545,50233
400,18,26,2025-08-18,1635,Gas,165,8533
401,13,23,2025-07-26,1706,Gas,597,42909
402,12,39,2025-07-19,2652,Oil,465,40951
403,17,56,2025-07-23,2328,Condensate,513,40551
404,18,33,2025-08-18,1635,Gas,165,8533
405,18,45,2025-07-10,1001,Gas,134,12108
406,11,43,2025-07-25,1668,Condensate,122,7232
407,16,9,2025-08-15,2674,Oil,227,22726
408,15,1,2025-07-02,1750,Gas,588,50293
409,17,23,2025-08-18,2738,Condensate,118,8675
410,3,32,2025-07-12,2275,Oil,218,20426
411,11,17,2025-08-26,1840,Gas,594,39047
412,16,20,2025-07-26,1477,Oil,399,30462
413,7,50,2025-07-22,2604,Condensate,241,20606
414,1,13,2025-07-24,1965,Gas,257,16019
415,16,11,2025-08-15,2674,Oil,227,22726
416,19,55,2025-06-30,1394,Oil,470,25207
417,6,43,2025-07-02,2507,Gas,383,25683
418,2,21,2025-07-04,1756,Condensate,593,46505
419,8,21,2025-08-12,1359,Condensate,221,14251
420,13,12,2025-08-27,2811,Condensate,545,50233
421,4,15,2025-07-20,1387,Oil,296,20091
422,1,5,2025-07-24,1965,Gas,257,16019
423,8,35,2025-08-12,1359,Condensate,221,14251
424,7,8,2025-07-25,2106,Oil,219,16431
425,6,29,2025-08-20,1104,Condensate,471,23745
426,1,59,2025-07-24,1965,Gas,257,16019
427,1,15,2025-07-08,1083,Condensate,389,24912
428,9,59,2025-07-11,1732,Condensate,158,13995
429,10,49,2025-07-17,2001,Oil,202,16345
430,18,43,2025-08-18,1635,Gas,165,8533
431,2,14,2025-07-04,1756,Condensate,593,46505
432,7,11,2025-07-25,2106,Oil,219,16431
433,14,14,2025-07-03,2672,Gas,265,19464
434,1,36,2025-08-23,2168,Gas,166,15069
435,16,55,2025-08-15,2674,Oil,227,22726
436,8,2,2025-08-12,1359,Condensate,221,14251
437,12,55,2025-07-19,2652,Oil,465,40951
438,3,46,2025-07-30,2021,Condensate,512,33254
439,3,34,2025-07-16,1687,Oil,422,35227
440,13,20,2025-08-27,2811,Condensate,545,50233
441,18,43,2025-07-10,1001,Gas,134,12108
442,9,50,2025-08-14,2700,Condensate,480,24327
443,20,17,2025-08-25,1981,Condensate,549,42839
444,11,41,2025-07-25,1668,Condensate,122,7232
445,16,23,2025-08-15,2674,Oil,227,22726
446,15,49,2025-08-05,2172,Oil,172,15655
447,4,20,2025-07-04,2860,Condensate,475,34369
448,16,39,2025-08-15,2674,Oil,227,22726
449,5,40,2025-08-09,2651,Oil,407,36045
450,19,11,2025-06-30,1394,Oil,470,25207
451,18,1,2025-08-24,2987,Condensate,149,11695
452,17,39,2025-08-18,2738,Condensate,118,8675
453,19,47,2025-08-12,2172,Gas,158,10751
454,7,31,2025-07-22,2604,Condensate,241,20606
455,16,15,2025-07-26,1477,Oil,399,30462
456,3,35,2025-07-16,1687,Oil,422,35227
457,5,12,2025-08-25,2947,Condensate,120,6255
458,15,25,2025-07-02,1750,Gas,588,50293
459,2,22,2025-07-04,2932,Gas,158,9387
460,6,47,2025-07-07,2976,Gas,239,20741
461,19,21,2025-08-12,2172,Gas,158,10751
462,10,42,2025-07-08,1886,Gas,196,14181
463,12,53,2025-07-19,2652,Oil,465,40951
464,4,22,2025-07-04,1134,Gas,290,25251
465,4,39,2025-07-20,1387,Oil,296,20091
466,7,51,2025-07-22,2604,Condensate,241,20606
467,19,54,2025-06-30,1394,Oil,470,25207
468,11,2,2025-06-30,2510,Oil,327,26875
469,6,7,2025-07-07,2976,Gas,239,20741
470,18,12,2025-07-10,1001,Gas,134,12108
471,5,23,2025-08-27,2125,Condensate,293,15751
472,20,9,2025-07-10,1247,Gas,219,16902
473,7,56,2025-07-25,2106,Oil,219,16431
474,13,15,2025-08-27,2811,Condensate,545,50233
475,4,6,2025-07-04,2860,Condensate,475,34369
476,3,16,2025-07-12,2275,Oil,218,20426
477,15,2,2025-07-19,1687,Oil,340,28944
478,18,46,2025-08-24,2987,Condensate,149,11695
479,4,16,2025-07-20,1387,Oil,296,20091
480,7,58,2025-07-22,2604,Condensate,241,20606
481,2,42,2025-07-12,1349,Condensate,175,12135
482,2,29,2025-07-04,2932,Gas,158,9387
483,19,22,2025-07-17,2388,Gas,502,44400
484,5,28,2025-08-09,2651,Oil,407,36045
485,13,32,2025-08-27,2811,Condensate,545,50233
486,4,24,2025-07-04,2860,Condensate,475,34369
487,11,44,2025-08-26,1840,Gas,594,39047
488,20,41,2025-07-10,1247,Gas,219,16902
489,14,20,2025-06-30,1793,Gas,279,15035
490,16,51,2025-07-26,1477,Oil,399,30462
491,18,39,2025-07-10,1001,Gas,134,12108
492,20,14,2025-08-25,1981,Condensate,549,42839
493,6,28,2025-07-07,2976,Gas,239,20741
494,17,11,2025-08-18,2738,Condensate,118,8675
495,20,15,2025-07-10,1247,Gas,219,16902
496,12,45,2025-07-19,2652,Oil,465,40951
497,19,37,2025-08-12,2172,Gas,158,10751
498,5,26,2025-08-25,2947,Condensate,120,6255
499,2,57,2025-07-04,2932,Gas,158,9387
500,17,6,2025-08-18,2738,Condensate,118,8675
501,6,26,2025-07-02,2507,Gas,383,25683
502,5,35,2025-08-09,2651,Oil,407,36045
503,17,45,2025-07-23,2328,Condensate,513,40551
504,14,55,2025-06-30,1793,Gas,279,15035
505,10,30,2025-07-17,2001,Oil,202,16345
506,6,15,2025-07-02,2507,Gas,383,25683
507,20,28,2025-08-25,1981,Condensate,549,42839
508,11,44,2025-06-30,2510,Oil,327,26875
509,12,18,2025-07-26,1489,Gas,111,9794
510,18,18,2025-08-24,2987,Condensate,149,11695
511,10,19,2025-07-08,1886,Gas,196,14181
512,13,33,2025-08-27,2811,Condensate,545,50233
513,2,47,2025-07-04,1756,Condensate,593,46505
514,14,2,2025-08-16,2202,Gas,150,10666
515,20,31,2025-07-10,1247,Gas,219,16902
516,9,56,2025-08-14,2700,Condensate,480,24327
517,8,50,2025-08-27,2405,Condensate,353,20040
518,12,49,2025-07-26,1489,Gas,111,9794
519,15,42,2025-07-02,1750,Gas,588,50293
520,1,56,2025-07-08,1083,Condensate,389,24912
521,9,11,2025-08-14,2700,Condensate,480,24327
522,7,57,2025-08-23,2407,Oil,250,17986
523,5,20,2025-08-27,2125,Condensate,293,15751
524,20,38,2025-08-25,1981,Condensate,549,42839
525,19,51,2025-06-30,1394,Oil,470,25207
526,7,42,2025-08-23,2407,Oil,250,17986
527,7,56,2025-07-22,2604,Condensate,241,20606
528,7,45,2025-07-25,2106,Oil,219,16431
529,13,31,2025-08-27,2811,Condensate,545,50233
530,9,32,2025-08-15,2387,Gas,112,7715
531,11,24,2025-07-25,1668,Condensate,122,7232
532,18,6,2025-08-18,1635,Gas,165,8533
533,4,31,2025-07-20,1387,Oil,296,20091
534,20,7,2025-08-26,1136,Condensate,101,8485
535,19,40,2025-08-12,2172,Gas,158,10751
536,14,17,2025-08-16,2202,Gas,150,10666
537,1,9,2025-07-08,1083,Condensate,389,24912
538,14,21,2025-08-16,2202,Gas,150,10666
539,9,51,2025-08-14,2700,Condensate,480,24327
540,4,33,2025-07-20,1387,Oil,296,20091
541,6,52,2025-07-07,2976,Gas,239,20741
542,14,41,2025-06-30,1793,Gas,279,15035
543,13,4,2025-08-27,2811,Condensate,545,50233
544,10,37,2025-06-30,1437,Condensate,152,13936
545,3,54,2025-07-12,2275,Oil,218,20426
546,9,5,2025-07-11,1732,Condensate,158,13995
547,6,51,2025-07-02,2507,Gas,383,25683
548,1,50,2025-07-08,1083,Condensate,389,24912
549,2,1,2025-07-12,1349,Condensate,175,12135
550,4,9,2025-07-20,1387,Oil,296,20091
551,18,22,2025-08-24,2987,Condensate,149,11695
552,7,1,2025-08-23,2407,Oil,250,17986
553,16,12,2025-08-15,2674,Oil,227,22726
554,7,10,2025-07-25,2106,Oil,219,16431
555,2,2,2025-07-04,1756,Condensate,593,46505
556,14,12,2025-06-30,1793,Gas,279,15035
557,9,12,2025-08-15,2387,Gas,112,7715
558,7,41,2025-07-25,2106,Oil,219,16431
559,13,54,2025-07-26,1706,Gas,597,42909
560,5,33,2025-08-27,2125,Condensate,293,15751
675,15,13,2025-08-05,2172,Oil,172,15655
561,17,8,2025-08-18,2738,Condensate,118,8675
562,11,53,2025-07-25,1668,Condensate,122,7232
563,6,18,2025-08-20,1104,Condensate,471,23745
564,7,4,2025-07-25,2106,Oil,219,16431
565,17,16,2025-08-18,2738,Condensate,118,8675
566,17,50,2025-07-23,2328,Condensate,513,40551
567,15,13,2025-07-02,1750,Gas,588,50293
568,10,47,2025-06-30,1437,Condensate,152,13936
569,1,16,2025-07-08,1083,Condensate,389,24912
570,15,1,2025-08-05,2172,Oil,172,15655
571,15,49,2025-07-02,1750,Gas,588,50293
572,10,13,2025-07-17,2001,Oil,202,16345
573,14,38,2025-07-03,2672,Gas,265,19464
574,19,31,2025-06-30,1394,Oil,470,25207
575,18,25,2025-08-24,2987,Condensate,149,11695
576,12,42,2025-07-25,1148,Condensate,226,11874
577,14,43,2025-06-30,1793,Gas,279,15035
578,16,12,2025-07-26,1477,Oil,399,30462
579,5,12,2025-08-27,2125,Condensate,293,15751
580,2,28,2025-07-04,1756,Condensate,593,46505
581,20,53,2025-07-10,1247,Gas,219,16902
582,8,9,2025-08-27,2405,Condensate,353,20040
583,9,31,2025-08-14,2700,Condensate,480,24327
584,7,8,2025-07-22,2604,Condensate,241,20606
585,18,50,2025-08-18,1635,Gas,165,8533
586,17,31,2025-07-23,2328,Condensate,513,40551
587,6,10,2025-07-02,2507,Gas,383,25683
588,18,55,2025-08-18,1635,Gas,165,8533
589,13,33,2025-07-26,1706,Gas,597,42909
590,7,50,2025-07-25,2106,Oil,219,16431
591,12,31,2025-07-19,2652,Oil,465,40951
592,9,19,2025-07-11,1732,Condensate,158,13995
593,9,57,2025-07-11,1732,Condensate,158,13995
594,10,46,2025-07-08,1886,Gas,196,14181
595,2,27,2025-07-12,1349,Condensate,175,12135
596,13,10,2025-08-27,2811,Condensate,545,50233
597,18,29,2025-08-24,2987,Condensate,149,11695
598,8,44,2025-08-12,1359,Condensate,221,14251
599,15,30,2025-08-05,2172,Oil,172,15655
600,19,56,2025-06-30,1394,Oil,470,25207
601,12,56,2025-07-19,2652,Oil,465,40951
602,3,59,2025-07-30,2021,Condensate,512,33254
603,18,9,2025-08-18,1635,Gas,165,8533
604,8,45,2025-08-27,2405,Condensate,353,20040
605,6,35,2025-07-07,2976,Gas,239,20741
606,9,10,2025-08-15,2387,Gas,112,7715
607,18,24,2025-08-18,1635,Gas,165,8533
608,8,15,2025-08-27,2405,Condensate,353,20040
609,3,50,2025-07-12,2275,Oil,218,20426
610,7,53,2025-07-22,2604,Condensate,241,20606
611,3,47,2025-07-16,1687,Oil,422,35227
612,1,52,2025-08-23,2168,Gas,166,15069
613,8,32,2025-08-27,2752,Gas,302,23382
614,18,9,2025-07-10,1001,Gas,134,12108
615,10,1,2025-07-17,2001,Oil,202,16345
616,5,55,2025-08-27,2125,Condensate,293,15751
617,19,15,2025-06-30,1394,Oil,470,25207
618,18,27,2025-08-24,2987,Condensate,149,11695
619,18,6,2025-07-10,1001,Gas,134,12108
620,17,39,2025-07-31,1184,Condensate,220,13351
621,11,32,2025-07-25,1668,Condensate,122,7232
622,5,47,2025-08-09,2651,Oil,407,36045
623,19,17,2025-08-12,2172,Gas,158,10751
624,11,58,2025-07-25,1668,Condensate,122,7232
625,11,21,2025-08-26,1840,Gas,594,39047
626,3,18,2025-07-30,2021,Condensate,512,33254
627,18,59,2025-08-24,2987,Condensate,149,11695
628,4,39,2025-07-04,2860,Condensate,475,34369
629,8,9,2025-08-27,2752,Gas,302,23382
630,1,2,2025-08-23,2168,Gas,166,15069
631,10,49,2025-07-08,1886,Gas,196,14181
632,17,10,2025-08-18,2738,Condensate,118,8675
633,20,39,2025-07-10,1247,Gas,219,16902
634,19,10,2025-06-30,1394,Oil,470,25207
635,6,3,2025-08-20,1104,Condensate,471,23745
636,20,44,2025-08-25,1981,Condensate,549,42839
637,17,56,2025-07-31,1184,Condensate,220,13351
638,20,51,2025-07-10,1247,Gas,219,16902
639,19,58,2025-06-30,1394,Oil,470,25207
640,12,51,2025-07-19,2652,Oil,465,40951
641,11,48,2025-06-30,2510,Oil,327,26875
642,1,31,2025-07-08,1083,Condensate,389,24912
643,16,54,2025-07-26,1477,Oil,399,30462
644,10,25,2025-07-17,2001,Oil,202,16345
645,16,8,2025-08-15,2674,Oil,227,22726
646,11,7,2025-08-26,1840,Gas,594,39047
647,18,32,2025-07-10,1001,Gas,134,12108
648,20,47,2025-08-26,1136,Condensate,101,8485
649,16,23,2025-07-26,1477,Oil,399,30462
650,12,41,2025-07-19,2652,Oil,465,40951
651,8,16,2025-08-27,2405,Condensate,353,20040
652,16,33,2025-08-15,2674,Oil,227,22726
653,1,21,2025-08-23,2168,Gas,166,15069
654,1,51,2025-07-08,1083,Condensate,389,24912
655,10,22,2025-07-08,1886,Gas,196,14181
656,13,9,2025-08-27,2811,Condensate,545,50233
657,6,34,2025-07-07,2976,Gas,239,20741
658,4,50,2025-07-20,1387,Oil,296,20091
659,18,31,2025-08-18,1635,Gas,165,8533
660,8,50,2025-08-27,2752,Gas,302,23382
661,10,59,2025-07-17,2001,Oil,202,16345
662,8,6,2025-08-27,2752,Gas,302,23382
663,14,56,2025-06-30,1793,Gas,279,15035
664,12,33,2025-07-19,2652,Oil,465,40951
665,18,8,2025-08-18,1635,Gas,165,8533
666,1,48,2025-08-23,2168,Gas,166,15069
667,9,32,2025-08-14,2700,Condensate,480,24327
668,4,27,2025-07-04,1134,Gas,290,25251
669,20,6,2025-07-10,1247,Gas,219,16902
670,13,38,2025-07-19,1939,Gas,161,14401
671,6,4,2025-07-02,2507,Gas,383,25683
672,3,17,2025-07-16,1687,Oil,422,35227
673,11,51,2025-07-25,1668,Condensate,122,7232
674,7,41,2025-07-22,2604,Condensate,241,20606
676,16,9,2025-07-26,1477,Oil,399,30462
677,7,43,2025-07-25,2106,Oil,219,16431
678,1,42,2025-07-24,1965,Gas,257,16019
679,17,53,2025-07-23,2328,Condensate,513,40551
680,4,56,2025-07-04,2860,Condensate,475,34369
681,5,39,2025-08-27,2125,Condensate,293,15751
682,7,16,2025-07-22,2604,Condensate,241,20606
683,14,52,2025-07-03,2672,Gas,265,19464
684,15,44,2025-07-19,1687,Oil,340,28944
685,12,3,2025-07-25,1148,Condensate,226,11874
686,17,53,2025-07-31,1184,Condensate,220,13351
687,4,8,2025-07-04,2860,Condensate,475,34369
688,15,3,2025-08-05,2172,Oil,172,15655
689,11,9,2025-07-25,1668,Condensate,122,7232
690,19,50,2025-06-30,1394,Oil,470,25207
691,10,35,2025-06-30,1437,Condensate,152,13936
692,8,8,2025-08-27,2405,Condensate,353,20040
693,6,55,2025-07-02,2507,Gas,383,25683
694,13,54,2025-08-27,2811,Condensate,545,50233
695,14,26,2025-06-30,1793,Gas,279,15035
696,10,2,2025-06-30,1437,Condensate,152,13936
697,17,55,2025-07-31,1184,Condensate,220,13351
698,1,54,2025-07-08,1083,Condensate,389,24912
699,19,48,2025-08-12,2172,Gas,158,10751
700,17,54,2025-08-18,2738,Condensate,118,8675
701,17,24,2025-07-31,1184,Condensate,220,13351
702,13,4,2025-07-26,1706,Gas,597,42909
703,7,13,2025-08-23,2407,Oil,250,17986
704,11,10,2025-07-25,1668,Condensate,122,7232
705,9,15,2025-08-14,2700,Condensate,480,24327
706,17,58,2025-08-18,2738,Condensate,118,8675
707,11,50,2025-07-25,1668,Condensate,122,7232
708,15,18,2025-07-02,1750,Gas,588,50293
709,3,1,2025-07-30,2021,Condensate,512,33254
710,4,29,2025-07-04,1134,Gas,290,25251
711,1,47,2025-08-23,2168,Gas,166,15069
712,2,19,2025-07-12,1349,Condensate,175,12135
713,8,51,2025-08-27,2405,Condensate,353,20040
714,15,34,2025-07-19,1687,Oil,340,28944
715,15,22,2025-08-05,2172,Oil,172,15655
716,15,59,2025-08-05,2172,Oil,172,15655
717,5,15,2025-08-25,2947,Condensate,120,6255
718,18,33,2025-07-10,1001,Gas,134,12108
719,6,5,2025-08-20,1104,Condensate,471,23745
720,5,41,2025-08-25,2947,Condensate,120,6255
721,3,53,2025-07-12,2275,Oil,218,20426
722,12,11,2025-07-19,2652,Oil,465,40951
723,16,37,2025-07-18,1780,Gas,375,22587
724,18,53,2025-08-18,1635,Gas,165,8533
725,6,42,2025-08-20,1104,Condensate,471,23745
726,18,49,2025-08-24,2987,Condensate,149,11695
727,14,7,2025-08-16,2202,Gas,150,10666
728,6,53,2025-07-02,2507,Gas,383,25683
729,3,27,2025-07-30,2021,Condensate,512,33254
730,1,27,2025-07-24,1965,Gas,257,16019
731,13,12,2025-07-26,1706,Gas,597,42909
732,4,20,2025-07-20,1387,Oil,296,20091
733,1,26,2025-07-08,1083,Condensate,389,24912
734,5,45,2025-08-25,2947,Condensate,120,6255
735,14,8,2025-06-30,1793,Gas,279,15035
736,13,51,2025-07-26,1706,Gas,597,42909
737,20,38,2025-08-26,1136,Condensate,101,8485
738,8,28,2025-08-12,1359,Condensate,221,14251
739,2,35,2025-07-04,1756,Condensate,593,46505
740,18,4,2025-08-18,1635,Gas,165,8533
741,7,27,2025-08-23,2407,Oil,250,17986
742,17,26,2025-07-31,1184,Condensate,220,13351
743,20,12,2025-07-10,1247,Gas,219,16902
744,15,22,2025-07-02,1750,Gas,588,50293
745,3,52,2025-07-16,1687,Oil,422,35227
746,19,29,2025-07-17,2388,Gas,502,44400
747,10,25,2025-07-08,1886,Gas,196,14181
748,19,18,2025-07-17,2388,Gas,502,44400
749,13,50,2025-08-27,2811,Condensate,545,50233
750,4,49,2025-07-04,1134,Gas,290,25251
751,15,46,2025-07-02,1750,Gas,588,50293
752,14,28,2025-08-16,2202,Gas,150,10666
753,5,53,2025-08-25,2947,Condensate,120,6255
754,20,10,2025-07-10,1247,Gas,219,16902
755,3,3,2025-07-30,2021,Condensate,512,33254
756,9,12,2025-08-14,2700,Condensate,480,24327
757,15,38,2025-07-19,1687,Oil,340,28944
758,6,14,2025-07-07,2976,Gas,239,20741
759,20,4,2025-07-10,1247,Gas,219,16902
760,7,39,2025-07-25,2106,Oil,219,16431
761,5,26,2025-08-27,2125,Condensate,293,15751
762,15,57,2025-07-02,1750,Gas,588,50293
763,10,29,2025-07-17,2001,Oil,202,16345
764,6,2,2025-07-07,2976,Gas,239,20741
765,12,27,2025-07-25,1148,Condensate,226,11874
766,16,41,2025-08-15,2674,Oil,227,22726
767,5,32,2025-08-27,2125,Condensate,293,15751
768,17,58,2025-07-23,2328,Condensate,513,40551
769,16,48,2025-07-18,1780,Gas,375,22587
770,18,16,2025-07-10,1001,Gas,134,12108
771,12,16,2025-07-19,2652,Oil,465,40951
772,4,10,2025-07-04,2860,Condensate,475,34369
773,8,43,2025-08-27,2405,Condensate,353,20040
774,16,8,2025-07-26,1477,Oil,399,30462
775,19,39,2025-06-30,1394,Oil,470,25207
776,5,16,2025-08-27,2125,Condensate,293,15751
777,10,28,2025-06-30,1437,Condensate,152,13936
778,19,24,2025-06-30,1394,Oil,470,25207
779,2,42,2025-07-04,2932,Gas,158,9387
780,12,59,2025-07-26,1489,Gas,111,9794
781,12,10,2025-07-19,2652,Oil,465,40951
782,7,46,2025-08-23,2407,Oil,250,17986
783,3,42,2025-07-30,2021,Condensate,512,33254
784,14,2,2025-07-03,2672,Gas,265,19464
785,7,5,2025-08-23,2407,Oil,250,17986
786,9,23,2025-08-15,2387,Gas,112,7715
787,2,40,2025-07-04,1756,Condensate,593,46505
788,6,19,2025-08-20,1104,Condensate,471,23745
789,10,3,2025-07-17,2001,Oil,202,16345
790,17,26,2025-07-23,2328,Condensate,513,40551
791,14,53,2025-06-30,1793,Gas,279,15035
792,14,58,2025-06-30,1793,Gas,279,15035
793,5,11,2025-08-25,2947,Condensate,120,6255
794,13,45,2025-07-26,1706,Gas,597,42909
795,7,23,2025-07-22,2604,Condensate,241,20606
796,11,17,2025-06-30,2510,Oil,327,26875
797,7,9,2025-07-25,2106,Oil,219,16431
798,19,32,2025-06-30,1394,Oil,470,25207
799,4,53,2025-07-20,1387,Oil,296,20091
800,7,24,2025-07-25,2106,Oil,219,16431
801,18,10,2025-07-10,1001,Gas,134,12108
802,1,44,2025-08-23,2168,Gas,166,15069
803,12,32,2025-07-19,2652,Oil,465,40951
804,10,5,2025-07-17,2001,Oil,202,16345
805,4,11,2025-07-20,1387,Oil,296,20091
806,9,16,2025-08-14,2700,Condensate,480,24327
807,7,32,2025-07-25,2106,Oil,219,16431
808,2,29,2025-07-12,1349,Condensate,175,12135
809,5,24,2025-08-27,2125,Condensate,293,15751
810,14,40,2025-07-03,2672,Gas,265,19464
811,20,48,2025-08-25,1981,Condensate,549,42839
812,16,56,2025-07-26,1477,Oil,399,30462
813,11,45,2025-07-25,1668,Condensate,122,7232
814,5,44,2025-08-09,2651,Oil,407,36045
815,1,58,2025-07-08,1083,Condensate,389,24912
816,2,13,2025-07-12,1349,Condensate,175,12135
817,11,14,2025-06-30,2510,Oil,327,26875
818,18,23,2025-08-18,1635,Gas,165,8533
819,20,34,2025-08-25,1981,Condensate,549,42839
820,17,15,2025-07-23,2328,Condensate,513,40551
821,17,32,2025-07-23,2328,Condensate,513,40551
822,6,6,2025-07-02,2507,Gas,383,25683
823,16,26,2025-08-15,2674,Oil,227,22726
824,20,48,2025-08-26,1136,Condensate,101,8485
825,20,16,2025-07-10,1247,Gas,219,16902
826,8,20,2025-08-27,2405,Condensate,353,20040
827,18,41,2025-08-18,1635,Gas,165,8533
828,19,43,2025-06-30,1394,Oil,470,25207
829,8,31,2025-08-27,2752,Gas,302,23382
830,4,13,2025-07-04,1134,Gas,290,25251
831,3,10,2025-07-12,2275,Oil,218,20426
832,10,1,2025-07-08,1886,Gas,196,14181
833,4,26,2025-07-20,1387,Oil,296,20091
834,9,20,2025-08-14,2700,Condensate,480,24327
835,7,53,2025-07-25,2106,Oil,219,16431
836,6,20,2025-07-02,2507,Gas,383,25683
837,6,8,2025-07-02,2507,Gas,383,25683
838,20,28,2025-08-26,1136,Condensate,101,8485
839,19,1,2025-07-17,2388,Gas,502,44400
840,2,17,2025-07-04,1756,Condensate,593,46505
841,17,56,2025-08-18,2738,Condensate,118,8675
842,7,32,2025-07-22,2604,Condensate,241,20606
843,16,4,2025-08-15,2674,Oil,227,22726
844,3,11,2025-07-12,2275,Oil,218,20426
845,3,36,2025-07-16,1687,Oil,422,35227
846,3,9,2025-07-12,2275,Oil,218,20426
847,11,26,2025-07-25,1668,Condensate,122,7232
848,3,4,2025-07-12,2275,Oil,218,20426
849,12,1,2025-07-26,1489,Gas,111,9794
850,5,43,2025-08-27,2125,Condensate,293,15751
851,4,1,2025-07-04,1134,Gas,290,25251
852,2,46,2025-07-12,1349,Condensate,175,12135
853,4,23,2025-07-20,1387,Oil,296,20091
854,15,19,2025-07-02,1750,Gas,588,50293
855,6,31,2025-07-02,2507,Gas,383,25683
856,19,44,2025-08-12,2172,Gas,158,10751
857,20,35,2025-08-25,1981,Condensate,549,42839
858,1,7,2025-08-23,2168,Gas,166,15069
859,11,31,2025-07-25,1668,Condensate,122,7232
860,12,5,2025-07-25,1148,Condensate,226,11874
861,12,18,2025-07-25,1148,Condensate,226,11874
862,2,27,2025-07-04,2932,Gas,158,9387
863,17,32,2025-07-31,1184,Condensate,220,13351
864,5,2,2025-08-09,2651,Oil,407,36045
865,13,15,2025-07-26,1706,Gas,597,42909
866,4,9,2025-07-04,2860,Condensate,475,34369
867,1,29,2025-07-24,1965,Gas,257,16019
868,11,14,2025-08-26,1840,Gas,594,39047
869,3,8,2025-07-12,2275,Oil,218,20426
870,9,26,2025-08-15,2387,Gas,112,7715
871,17,6,2025-07-23,2328,Condensate,513,40551
872,9,15,2025-08-15,2387,Gas,112,7715
873,13,17,2025-07-19,1939,Gas,161,14401
874,11,16,2025-07-25,1668,Condensate,122,7232
875,7,30,2025-08-23,2407,Oil,250,17986
876,12,12,2025-07-19,2652,Oil,465,40951
877,10,48,2025-06-30,1437,Condensate,152,13936
878,1,25,2025-07-24,1965,Gas,257,16019
879,7,20,2025-07-25,2106,Oil,219,16431
880,16,10,2025-07-26,1477,Oil,399,30462
881,14,52,2025-08-16,2202,Gas,150,10666
882,7,20,2025-07-22,2604,Condensate,241,20606
883,5,56,2025-08-25,2947,Condensate,120,6255
884,6,41,2025-07-02,2507,Gas,383,25683
885,18,15,2025-07-10,1001,Gas,134,12108
886,7,10,2025-07-22,2604,Condensate,241,20606
887,13,37,2025-07-19,1939,Gas,161,14401
888,15,28,2025-07-19,1687,Oil,340,28944
889,13,39,2025-07-26,1706,Gas,597,42909
890,14,14,2025-08-16,2202,Gas,150,10666
891,13,24,2025-07-26,1706,Gas,597,42909
892,2,52,2025-07-04,1756,Condensate,593,46505
893,11,11,2025-07-25,1668,Condensate,122,7232
894,2,44,2025-07-04,1756,Condensate,593,46505
895,16,28,2025-07-18,1780,Gas,375,22587
896,11,21,2025-06-30,2510,Oil,327,26875
897,9,41,2025-08-14,2700,Condensate,480,24327
898,8,33,2025-08-27,2752,Gas,302,23382
899,19,33,2025-06-30,1394,Oil,470,25207
900,5,4,2025-08-25,2947,Condensate,120,6255
901,20,11,2025-07-10,1247,Gas,219,16902
902,13,20,2025-07-26,1706,Gas,597,42909
903,13,43,2025-08-27,2811,Condensate,545,50233
904,4,59,2025-07-04,1134,Gas,290,25251
905,2,57,2025-07-12,1349,Condensate,175,12135
906,6,46,2025-08-20,1104,Condensate,471,23745
907,18,20,2025-08-18,1635,Gas,165,8533
908,16,4,2025-07-26,1477,Oil,399,30462
909,15,46,2025-08-05,2172,Oil,172,15655
910,1,34,2025-08-23,2168,Gas,166,15069
911,13,41,2025-08-27,2811,Condensate,545,50233
912,6,30,2025-08-20,1104,Condensate,471,23745
913,11,34,2025-06-30,2510,Oil,327,26875
914,17,33,2025-07-23,2328,Condensate,513,40551
915,7,25,2025-08-23,2407,Oil,250,17986
916,20,52,2025-08-25,1981,Condensate,549,42839
917,1,30,2025-07-24,1965,Gas,257,16019
918,12,57,2025-07-25,1148,Condensate,226,11874
919,9,39,2025-08-14,2700,Condensate,480,24327
920,7,39,2025-07-22,2604,Condensate,241,20606
921,8,56,2025-08-27,2752,Gas,302,23382
922,12,4,2025-07-19,2652,Oil,465,40951
923,14,15,2025-06-30,1793,Gas,279,15035
924,12,25,2025-07-26,1489,Gas,111,9794
925,13,56,2025-08-27,2811,Condensate,545,50233
926,17,20,2025-07-31,1184,Condensate,220,13351
927,8,26,2025-08-27,2752,Gas,302,23382
928,4,33,2025-07-04,2860,Condensate,475,34369
929,7,22,2025-08-23,2407,Oil,250,17986
930,13,34,2025-07-19,1939,Gas,161,14401
931,4,46,2025-07-04,1134,Gas,290,25251
932,16,2,2025-07-18,1780,Gas,375,22587
933,20,43,2025-07-10,1247,Gas,219,16902
934,16,32,2025-07-26,1477,Oil,399,30462
935,1,32,2025-07-08,1083,Condensate,389,24912
936,6,50,2025-07-02,2507,Gas,383,25683
937,16,51,2025-08-15,2674,Oil,227,22726
938,1,35,2025-08-23,2168,Gas,166,15069
939,12,50,2025-07-19,2652,Oil,465,40951
940,15,48,2025-07-19,1687,Oil,340,28944
941,11,28,2025-08-26,1840,Gas,594,39047
942,20,26,2025-07-10,1247,Gas,219,16902
943,13,51,2025-08-27,2811,Condensate,545,50233
944,18,31,2025-07-10,1001,Gas,134,12108
945,8,4,2025-08-27,2405,Condensate,353,20040
946,12,13,2025-07-26,1489,Gas,111,9794
947,6,40,2025-07-07,2976,Gas,239,20741
948,14,33,2025-06-30,1793,Gas,279,15035
949,12,27,2025-07-26,1489,Gas,111,9794
950,7,49,2025-08-23,2407,Oil,250,17986
951,5,54,2025-08-25,2947,Condensate,120,6255
952,16,38,2025-07-18,1780,Gas,375,22587
953,19,3,2025-07-17,2388,Gas,502,44400
954,13,2,2025-07-19,1939,Gas,161,14401
955,7,12,2025-07-22,2604,Condensate,241,20606
956,3,31,2025-07-12,2275,Oil,218,20426
957,9,30,2025-07-11,1732,Condensate,158,13995
958,15,25,2025-08-05,2172,Oil,172,15655
959,10,13,2025-07-08,1886,Gas,196,14181
960,16,6,2025-08-15,2674,Oil,227,22726
961,9,10,2025-08-14,2700,Condensate,480,24327
962,13,35,2025-07-19,1939,Gas,161,14401
963,4,32,2025-07-04,2860,Condensate,475,34369
964,9,8,2025-08-14,2700,Condensate,480,24327
965,7,58,2025-07-25,2106,Oil,219,16431
966,13,58,2025-08-27,2811,Condensate,545,50233
967,3,56,2025-07-12,2275,Oil,218,20426
968,12,46,2025-07-25,1148,Condensate,226,11874
969,15,29,2025-08-05,2172,Oil,172,15655
970,17,4,2025-07-23,2328,Condensate,513,40551
971,18,51,2025-08-18,1635,Gas,165,8533
972,8,20,2025-08-27,2752,Gas,302,23382
973,4,3,2025-07-04,1134,Gas,290,25251
974,20,44,2025-08-26,1136,Condensate,101,8485
975,10,34,2025-06-30,1437,Condensate,152,13936
976,13,7,2025-07-19,1939,Gas,161,14401
977,5,33,2025-08-25,2947,Condensate,120,6255
978,14,37,2025-07-03,2672,Gas,265,19464
979,16,34,2025-07-18,1780,Gas,375,22587
980,18,11,2025-08-18,1635,Gas,165,8533
981,16,33,2025-07-26,1477,Oil,399,30462
982,7,15,2025-07-22,2604,Condensate,241,20606
983,16,47,2025-07-18,1780,Gas,375,22587
984,9,11,2025-08-15,2387,Gas,112,7715
985,19,8,2025-06-30,1394,Oil,470,25207
986,1,11,2025-07-08,1083,Condensate,389,24912
987,13,11,2025-08-27,2811,Condensate,545,50233
988,20,24,2025-07-10,1247,Gas,219,16902
989,12,26,2025-07-19,2652,Oil,465,40951
990,20,40,2025-08-25,1981,Condensate,549,42839
991,12,8,2025-07-19,2652,Oil,465,40951
992,19,19,2025-07-17,2388,Gas,502,44400
993,14,21,2025-07-03,2672,Gas,265,19464
994,6,12,2025-07-02,2507,Gas,383,25683
995,18,56,2025-07-10,1001,Gas,134,12108
996,9,9,2025-08-14,2700,Condensate,480,24327
997,16,50,2025-07-26,1477,Oil,399,30462
998,2,49,2025-07-04,2932,Gas,158,9387
999,19,28,2025-08-12,2172,Gas,158,10751
1000,3,19,2025-07-30,2021,Condensate,512,33254
1001,17,33,2025-08-18,2738,Condensate,118,8675
1002,16,31,2025-08-15,2674,Oil,227,22726
1003,5,8,2025-08-27,2125,Condensate,293,15751
1004,4,55,2025-07-20,1387,Oil,296,20091
1005,19,5,2025-07-17,2388,Gas,502,44400
1006,5,51,2025-08-27,2125,Condensate,293,15751
1007,4,15,2025-07-04,2860,Condensate,475,34369
1008,3,51,2025-07-12,2275,Oil,218,20426
1009,3,43,2025-07-12,2275,Oil,218,20426
1010,13,43,2025-07-26,1706,Gas,597,42909
1011,12,59,2025-07-25,1148,Condensate,226,11874
1012,20,7,2025-08-25,1981,Condensate,549,42839
1013,16,50,2025-08-15,2674,Oil,227,22726
1014,14,50,2025-06-30,1793,Gas,279,15035
1015,13,55,2025-07-26,1706,Gas,597,42909
1016,8,12,2025-08-27,2405,Condensate,353,20040
1017,1,39,2025-07-08,1083,Condensate,389,24912
1018,5,55,2025-08-25,2947,Condensate,120,6255
1019,10,29,2025-07-08,1886,Gas,196,14181
1020,5,24,2025-08-25,2947,Condensate,120,6255
1021,13,9,2025-07-26,1706,Gas,597,42909
1022,5,48,2025-08-09,2651,Oil,407,36045
1023,8,16,2025-08-27,2752,Gas,302,23382
1024,8,7,2025-08-12,1359,Condensate,221,14251
1025,1,22,2025-07-24,1965,Gas,257,16019
1026,6,27,2025-08-20,1104,Condensate,471,23745
1027,17,45,2025-08-18,2738,Condensate,118,8675
1028,17,8,2025-07-31,1184,Condensate,220,13351
1029,16,41,2025-07-26,1477,Oil,399,30462
1030,8,53,2025-08-27,2752,Gas,302,23382
1031,13,21,2025-07-19,1939,Gas,161,14401
1032,19,26,2025-06-30,1394,Oil,470,25207
1033,15,18,2025-08-05,2172,Oil,172,15655
1034,19,2,2025-08-12,2172,Gas,158,10751
1035,14,38,2025-08-16,2202,Gas,150,10666
1036,11,47,2025-06-30,2510,Oil,327,26875
1037,15,59,2025-07-02,1750,Gas,588,50293
1038,9,4,2025-08-15,2387,Gas,112,7715
1039,18,20,2025-07-10,1001,Gas,134,12108
1040,17,16,2025-07-31,1184,Condensate,220,13351
1041,7,54,2025-07-22,2604,Condensate,241,20606
1042,3,39,2025-07-12,2275,Oil,218,20426
1043,13,26,2025-08-27,2811,Condensate,545,50233
1044,9,6,2025-08-15,2387,Gas,112,7715
1045,5,20,2025-08-25,2947,Condensate,120,6255
1046,17,15,2025-08-18,2738,Condensate,118,8675
1047,12,20,2025-07-19,2652,Oil,465,40951
1048,3,15,2025-07-12,2275,Oil,218,20426
1049,10,27,2025-07-17,2001,Oil,202,16345
1050,4,53,2025-07-04,2860,Condensate,475,34369
1051,16,45,2025-07-26,1477,Oil,399,30462
1052,17,11,2025-07-23,2328,Condensate,513,40551
1053,3,5,2025-07-30,2021,Condensate,512,33254
1054,19,13,2025-07-17,2388,Gas,502,44400
1055,15,5,2025-07-02,1750,Gas,588,50293
1056,16,26,2025-07-26,1477,Oil,399,30462
1057,13,48,2025-07-19,1939,Gas,161,14401
1058,17,58,2025-07-31,1184,Condensate,220,13351
1059,10,42,2025-07-17,2001,Oil,202,16345
1060,7,33,2025-07-22,2604,Condensate,241,20606
1061,9,42,2025-07-11,1732,Condensate,158,13995
1062,1,10,2025-07-08,1083,Condensate,389,24912
1063,16,7,2025-07-18,1780,Gas,375,22587
1064,9,39,2025-08-15,2387,Gas,112,7715
1065,9,53,2025-08-15,2387,Gas,112,7715
1066,11,4,2025-07-25,1668,Condensate,122,7232
1067,10,14,2025-06-30,1437,Condensate,152,13936
1068,3,37,2025-07-16,1687,Oil,422,35227
1069,4,45,2025-07-04,2860,Condensate,475,34369
1070,14,45,2025-06-30,1793,Gas,279,15035
1071,19,41,2025-06-30,1394,Oil,470,25207
1072,13,24,2025-08-27,2811,Condensate,545,50233
1073,8,23,2025-08-27,2752,Gas,302,23382
1074,10,44,2025-06-30,1437,Condensate,152,13936
1075,4,43,2025-07-20,1387,Oil,296,20091
1076,17,12,2025-08-18,2738,Condensate,118,8675
1077,11,40,2025-06-30,2510,Oil,327,26875
1078,17,4,2025-07-31,1184,Condensate,220,13351
1079,20,23,2025-07-10,1247,Gas,219,16902
1080,14,28,2025-07-03,2672,Gas,265,19464
1081,15,5,2025-08-05,2172,Oil,172,15655
1082,17,15,2025-07-31,1184,Condensate,220,13351
1083,11,2,2025-08-26,1840,Gas,594,39047
1084,3,12,2025-07-12,2275,Oil,218,20426
1085,9,43,2025-08-15,2387,Gas,112,7715
1086,17,45,2025-07-31,1184,Condensate,220,13351
1087,3,2,2025-07-16,1687,Oil,422,35227
1088,5,45,2025-08-27,2125,Condensate,293,15751
1089,2,46,2025-07-04,2932,Gas,158,9387
1090,17,12,2025-07-31,1184,Condensate,220,13351
1091,16,40,2025-07-18,1780,Gas,375,22587
1092,18,19,2025-08-24,2987,Condensate,149,11695
1093,11,39,2025-07-25,1668,Condensate,122,7232
1094,5,16,2025-08-25,2947,Condensate,120,6255
1095,12,5,2025-07-26,1489,Gas,111,9794
1096,3,24,2025-07-12,2275,Oil,218,20426
1097,17,33,2025-07-31,1184,Condensate,220,13351
1098,11,48,2025-08-26,1840,Gas,594,39047
1099,11,56,2025-07-25,1668,Condensate,122,7232
1100,9,29,2025-07-11,1732,Condensate,158,13995
1101,6,33,2025-07-02,2507,Gas,383,25683
1102,15,27,2025-07-02,1750,Gas,588,50293
1103,5,53,2025-08-27,2125,Condensate,293,15751
1104,18,42,2025-08-24,2987,Condensate,149,11695
1105,5,4,2025-08-27,2125,Condensate,293,15751
1106,10,3,2025-07-08,1886,Gas,196,14181
1107,18,56,2025-08-18,1635,Gas,165,8533
1108,15,29,2025-07-02,1750,Gas,588,50293
1109,9,23,2025-08-14,2700,Condensate,480,24327
1110,6,39,2025-07-02,2507,Gas,383,25683
1111,4,55,2025-07-04,2860,Condensate,475,34369
1112,12,58,2025-07-19,2652,Oil,465,40951
1113,11,33,2025-07-25,1668,Condensate,122,7232
1114,10,22,2025-07-17,2001,Oil,202,16345
1115,6,32,2025-07-02,2507,Gas,383,25683
1116,4,51,2025-07-20,1387,Oil,296,20091
1117,8,24,2025-08-27,2752,Gas,302,23382
1118,1,43,2025-07-08,1083,Condensate,389,24912
1119,13,53,2025-07-26,1706,Gas,597,42909
1120,8,41,2025-08-27,2752,Gas,302,23382
1121,17,8,2025-07-23,2328,Condensate,513,40551
1122,13,41,2025-07-26,1706,Gas,597,42909
1123,10,40,2025-06-30,1437,Condensate,152,13936
1124,13,23,2025-08-27,2811,Condensate,545,50233
1125,7,33,2025-07-25,2106,Oil,219,16431
1126,1,28,2025-08-23,2168,Gas,166,15069
1127,5,58,2025-08-25,2947,Condensate,120,6255
1128,19,46,2025-07-17,2388,Gas,502,44400
1129,12,46,2025-07-26,1489,Gas,111,9794
1130,20,2,2025-08-26,1136,Condensate,101,8485
1131,17,51,2025-07-23,2328,Condensate,513,40551
1132,14,47,2025-07-03,2672,Gas,265,19464
1133,9,54,2025-08-15,2387,Gas,112,7715
1134,5,31,2025-08-27,2125,Condensate,293,15751
1135,9,55,2025-08-15,2387,Gas,112,7715
1136,8,58,2025-08-27,2752,Gas,302,23382
1137,13,11,2025-07-26,1706,Gas,597,42909
1138,13,31,2025-07-26,1706,Gas,597,42909
1139,1,24,2025-07-08,1083,Condensate,389,24912
1140,17,54,2025-07-23,2328,Condensate,513,40551
1141,10,38,2025-06-30,1437,Condensate,152,13936
1142,11,34,2025-08-26,1840,Gas,594,39047
1143,4,43,2025-07-04,2860,Condensate,475,34369
1144,17,43,2025-08-18,2738,Condensate,118,8675
1145,7,3,2025-08-23,2407,Oil,250,17986
1146,4,12,2025-07-20,1387,Oil,296,20091
1147,20,54,2025-07-10,1247,Gas,219,16902
1148,9,18,2025-07-11,1732,Condensate,158,13995
1149,9,27,2025-07-11,1732,Condensate,158,13995
1150,13,56,2025-07-26,1706,Gas,597,42909
1151,8,8,2025-08-27,2752,Gas,302,23382
1152,16,21,2025-07-18,1780,Gas,375,22587
1153,18,15,2025-08-18,1635,Gas,165,8533
1154,12,9,2025-07-19,2652,Oil,465,40951
1155,7,16,2025-07-25,2106,Oil,219,16431
1156,3,20,2025-07-12,2275,Oil,218,20426
1157,14,7,2025-07-03,2672,Gas,265,19464
1158,18,57,2025-08-24,2987,Condensate,149,11695
1159,13,50,2025-07-26,1706,Gas,597,42909
1160,12,19,2025-07-26,1489,Gas,111,9794
1161,5,38,2025-08-09,2651,Oil,407,36045
1162,1,18,2025-07-24,1965,Gas,257,16019
1163,1,57,2025-07-24,1965,Gas,257,16019
1164,20,58,2025-07-10,1247,Gas,219,16902
1165,9,25,2025-07-11,1732,Condensate,158,13995
1166,10,7,2025-06-30,1437,Condensate,152,13936
1167,18,10,2025-08-18,1635,Gas,165,8533
1168,12,42,2025-07-26,1489,Gas,111,9794
1169,9,1,2025-07-11,1732,Condensate,158,13995
1170,3,48,2025-07-16,1687,Oil,422,35227
1171,1,37,2025-08-23,2168,Gas,166,15069
1172,19,34,2025-08-12,2172,Gas,158,10751
1173,4,32,2025-07-20,1387,Oil,296,20091
1174,1,55,2025-07-08,1083,Condensate,389,24912
1175,19,57,2025-07-17,2388,Gas,502,44400
1176,7,18,2025-08-23,2407,Oil,250,17986
1177,4,25,2025-07-04,1134,Gas,290,25251
1178,18,5,2025-08-24,2987,Condensate,149,11695
1179,4,41,2025-07-04,2860,Condensate,475,34369
1180,16,16,2025-08-15,2674,Oil,227,22726
1181,9,4,2025-08-14,2700,Condensate,480,24327
1182,18,11,2025-07-10,1001,Gas,134,12108
1183,14,35,2025-08-16,2202,Gas,150,10666
1184,12,43,2025-07-19,2652,Oil,465,40951
1185,2,19,2025-07-04,2932,Gas,158,9387
1186,7,6,2025-07-25,2106,Oil,219,16431
1187,11,37,2025-08-26,1840,Gas,594,39047
1188,3,7,2025-07-16,1687,Oil,422,35227
1189,18,51,2025-07-10,1001,Gas,134,12108
1190,4,23,2025-07-04,2860,Condensate,475,34369
1191,13,36,2025-07-19,1939,Gas,161,14401
1192,2,36,2025-07-04,1756,Condensate,593,46505
1193,7,26,2025-07-22,2604,Condensate,241,20606
1194,8,55,2025-08-27,2405,Condensate,353,20040
1195,20,35,2025-08-26,1136,Condensate,101,8485
1196,9,20,2025-08-15,2387,Gas,112,7715
1197,2,37,2025-07-04,1756,Condensate,593,46505
1198,9,3,2025-07-11,1732,Condensate,158,13995
1199,9,13,2025-07-11,1732,Condensate,158,13995
1200,8,32,2025-08-27,2405,Condensate,353,20040
1201,11,40,2025-08-26,1840,Gas,594,39047
1202,14,11,2025-06-30,1793,Gas,279,15035
1203,12,22,2025-07-25,1148,Condensate,226,11874
1204,20,50,2025-07-10,1247,Gas,219,16902
1205,1,1,2025-07-24,1965,Gas,257,16019
1206,16,11,2025-07-26,1477,Oil,399,30462
1207,18,26,2025-07-10,1001,Gas,134,12108
1208,18,58,2025-08-18,1635,Gas,165,8533
1209,5,52,2025-08-09,2651,Oil,407,36045
1210,2,49,2025-07-12,1349,Condensate,175,12135
1211,15,17,2025-07-19,1687,Oil,340,28944
1212,3,57,2025-07-30,2021,Condensate,512,33254
1213,17,54,2025-07-31,1184,Condensate,220,13351
1214,11,38,2025-06-30,2510,Oil,327,26875
1215,15,37,2025-07-19,1687,Oil,340,28944
1216,17,41,2025-07-23,2328,Condensate,513,40551
1217,16,17,2025-07-18,1780,Gas,375,22587
1218,18,13,2025-08-24,2987,Condensate,149,11695
1219,16,44,2025-07-18,1780,Gas,375,22587
1220,2,3,2025-07-04,2932,Gas,158,9387
1221,10,36,2025-06-30,1437,Condensate,152,13936
1222,6,38,2025-07-07,2976,Gas,239,20741
1223,2,1,2025-07-04,2932,Gas,158,9387
1224,6,24,2025-07-02,2507,Gas,383,25683
1225,3,29,2025-07-30,2021,Condensate,512,33254
1226,18,41,2025-07-10,1001,Gas,134,12108
1227,16,36,2025-07-18,1780,Gas,375,22587
1228,11,28,2025-06-30,2510,Oil,327,26875
1229,9,54,2025-08-14,2700,Condensate,480,24327
1230,3,28,2025-07-16,1687,Oil,422,35227
1231,6,1,2025-08-20,1104,Condensate,471,23745
1232,5,23,2025-08-25,2947,Condensate,120,6255
1233,4,11,2025-07-04,2860,Condensate,475,34369
1234,3,55,2025-07-12,2275,Oil,218,20426
1235,8,45,2025-08-27,2752,Gas,302,23382
1236,3,25,2025-07-30,2021,Condensate,512,33254
1237,12,22,2025-07-26,1489,Gas,111,9794
1238,12,49,2025-07-25,1148,Condensate,226,11874
1239,12,23,2025-07-19,2652,Oil,465,40951
1240,17,55,2025-08-18,2738,Condensate,118,8675
1241,9,16,2025-08-15,2387,Gas,112,7715
1242,14,31,2025-06-30,1793,Gas,279,15035
1243,19,16,2025-06-30,1394,Oil,470,25207
1244,10,27,2025-07-08,1886,Gas,196,14181
1245,9,24,2025-08-15,2387,Gas,112,7715
1246,3,14,2025-07-16,1687,Oil,422,35227
1247,19,59,2025-07-17,2388,Gas,502,44400
1248,16,20,2025-08-15,2674,Oil,227,22726
1249,2,30,2025-07-12,1349,Condensate,175,12135
1250,8,54,2025-08-27,2405,Condensate,353,20040
1251,7,26,2025-07-25,2106,Oil,219,16431
1252,14,6,2025-06-30,1793,Gas,279,15035
1253,8,31,2025-08-27,2405,Condensate,353,20040
1254,4,10,2025-07-20,1387,Oil,296,20091
1255,2,3,2025-07-12,1349,Condensate,175,12135
1256,6,56,2025-07-02,2507,Gas,383,25683
1257,5,10,2025-08-27,2125,Condensate,293,15751
